{"cameraMode":{"drawMode":0,"name":"Shaded","section":"Shading Mode"},"sceneLighting":true,"audioPlay":false,"sceneViewState":{"showFog":false,"showMaterialUpdate":false,"showSkybox":false,"showFlares":false,"showImageEffects":false,"showParticleSystems":false},"in2DMode":false,"pivot":{"x":-224.78515625,"y":-52.3223762512207,"z":203.13375854492188},"rotation":{"x":0.09194689244031906,"y":-0.40927767753601076,"z":0.0416763573884964,"w":0.9069561958312988},"size":362.46844482421877,"orthographic":false}