{"cameraMode":{"drawMode":0,"name":"Shaded","section":"Shading Mode"},"sceneLighting":true,"audioPlay":false,"sceneViewState":{"showFog":false,"showMaterialUpdate":false,"showSkybox":false,"showFlares":false,"showImageEffects":false,"showParticleSystems":false},"in2DMode":false,"pivot":{"x":4.003398895263672,"y":11.65994930267334,"z":-1.925581932067871},"rotation":{"x":0.33028680086135867,"y":-0.34498095512390139,"z":0.13115933537483216,"w":0.8687519431114197},"size":11.834282875061036,"orthographic":false}