{"cameraMode":{"drawMode":0,"name":"Shaded","section":"Shading Mode"},"sceneLighting":true,"audioPlay":false,"sceneViewState":{"showFog":false,"showMaterialUpdate":false,"showSkybox":false,"showFlares":false,"showImageEffects":false,"showParticleSystems":false},"in2DMode":false,"pivot":{"x":2.98360538482666,"y":-26.87445068359375,"z":0.3541205823421478},"rotation":{"x":0.06551293283700943,"y":-0.8907773494720459,"z":0.42866912484169009,"w":0.13628773391246797},"size":77.03894805908203,"orthographic":false}