{"cameraMode":{"drawMode":0,"name":"Shaded","section":"Shading Mode"},"sceneLighting":true,"audioPlay":false,"sceneViewState":{"showFog":false,"showMaterialUpdate":false,"showSkybox":false,"showFlares":false,"showImageEffects":false,"showParticleSystems":false},"in2DMode":false,"pivot":{"x":-1.9317179918289185,"y":6.113742828369141,"z":-3.635307788848877},"rotation":{"x":0.005210395902395248,"y":0.9897431135177612,"z":-0.1377706676721573,"w":0.037430934607982638},"size":17.122953414916993,"orthographic":false}