{"cameraMode":{"drawMode":0,"name":"Shaded","section":"Shading Mode"},"sceneLighting":true,"audioPlay":false,"sceneViewState":{"showFog":false,"showMaterialUpdate":false,"showSkybox":false,"showFlares":false,"showImageEffects":false,"showParticleSystems":false},"in2DMode":false,"pivot":{"x":-0.21861116588115693,"y":1.6667134761810303,"z":-5.9117937088012699},"rotation":{"x":-0.00006962872430449352,"y":0.9996650218963623,"z":-0.02580704353749752,"w":-0.0026982261333614589},"size":18.698692321777345,"orthographic":false}