{"cameraMode":{"drawMode":0,"name":"Shaded","section":"Shading Mode"},"sceneLighting":true,"audioPlay":false,"sceneViewState":{"showFog":false,"showMaterialUpdate":false,"showSkybox":false,"showFlares":false,"showImageEffects":false,"showParticleSystems":false},"in2DMode":false,"pivot":{"x":55.56861877441406,"y":24.194293975830079,"z":6.952195644378662},"rotation":{"x":0.14264264702796937,"y":-0.5190181732177734,"z":0.08842788636684418,"w":0.8382416367530823},"size":3.157883644104004,"orthographic":false}