{"cameraMode":{"drawMode":0,"name":"Shaded","section":"Shading Mode"},"sceneLighting":true,"audioPlay":false,"sceneViewState":{"showFog":false,"showMaterialUpdate":false,"showSkybox":false,"showFlares":false,"showImageEffects":false,"showParticleSystems":false},"in2DMode":false,"pivot":{"x":0.11495804786682129,"y":1.549201488494873,"z":-0.9803042411804199},"rotation":{"x":-0.042058419436216357,"y":0.9489246606826782,"z":-0.14371651411056519,"w":-0.27770179510116579},"size":6.383584976196289,"orthographic":false}